{
  "points_provided": 23,
  "plane_inferred": true,
  "mode": "orth",
  "origin": [
    -0.0,
    -0.0,
    0.0
  ],
  "boundary_curve_count": 10,
  "u_vals_raw_count": 43,
  "v_vals_raw_count": 43,
  "per_point_uv": [
    [
      5.909699821658842,
      4.505654833035646
    ],
    [
      0.4115468717599458,
      4.394953164180821
    ],
    [
      2.0288695225538596,
      1.511133531689162
    ],
    [
      -1.2666299566789168,
      2.6067637774617074
    ],
    [
      2.9247592837248795,
      4.406323302946275
    ],
    [
      -4.4199901340821475,
      2.606763888348534
    ],
    [
      -1.266629954425124,
      6.856614483929313
    ],
    [
      -4.419990230276949,
      6.856614507058103
    ],
    [
      -2.6737104161164416,
      6.856614564053748
    ],
    [
      -8.221994713283133,
      6.654117097379348
    ],
    [
      -7.873023142076436,
      3.5401755443181786
    ],
    [
      -10.106569533291413,
      6.51370749823437
    ],
    [
      -9.757598296635095,
      3.399765792486264
    ],
    [
      -6.749568724880751,
      6.414095529790487
    ],
    [
      -6.40059823341157,
      3.300154528448827
    ],
    [
      -18.179356821750595,
      37.66658667817389
    ],
    [
      -19.257663494220907,
      35.91641121778263
    ],
    [
      -19.70349430113158,
      38.63167112023909
    ],
    [
      -21.597766148269535,
      39.88436774722807
    ],
    [
      -22.62458478175213,
      38.09953419023836
    ],
    [
      -20.82697418497207,
      36.9220961163823
    ],
    [
      -23.071763978495053,
      40.841266997671525
    ],
    [
      -24.25781199997282,
      39.10916394044699
    ]
  ],
  "ux": [
    -24.25781199997282,
    -23.071763978495053,
    -22.62458478175213,
    -21.597766148269535,
    -20.82697418497207,
    -19.70349430113158,
    -19.257663494220907,
    -18.179356821750595,
    -10.823395721965444,
    -10.106569533291413,
    -9.757598296635095,
    -8.221994713283133,
    -7.873023142076436,
    -6.749568724880751,
    -6.40059823341157,
    -4.419990230276949,
    -2.6737104161164416,
    -1.2666299566789168,
    0.0,
    0.4115468717599458,
    1.0,
    2.0288695225538596,
    2.9247592837248795,
    4.0,
    5.909699821658842,
    8.0
  ],
  "vy": [
    0.0,
    1.511133531689162,
    2.0,
    2.6067637774617074,
    3.0,
    3.300154528448827,
    3.399765792486264,
    3.5401755443181786,
    4.394953164180821,
    4.406323302946275,
    4.505654833035646,
    6.0,
    6.414095529790487,
    6.51370749823437,
    6.654117097379348,
    6.856614483929313,
    8.0,
    35.91641121778263,
    36.9220961163823,
    37.66658667817389,
    38.09953419023836,
    38.63167112023909,
    39.10916394044699,
    39.88436774722807,
    40.841266997671525
  ],
  "u_lefts": [
    -24.850836010711703,
    -23.664787989233936,
    -22.84817438012359,
    -22.11117546501083,
    -21.2123701666208,
    -20.265234243051825,
    -19.480578897676246,
    -18.71851015798575,
    -14.50137627185802,
    -10.464982627628428,
    -9.932083914963254,
    -8.989796504959113,
    -8.047508927679784,
    -7.311295933478593,
    -6.57508347914616,
    -5.41029423184426,
    -3.5468503231966952,
    -1.970170186397679,
    -0.6333149783394584,
    0.2057734358799729,
    0.7057734358799729,
    1.5144347612769298,
    2.4768144031393695,
    3.46237964186244,
    4.954849910829421,
    6.954849910829421
  ],
  "u_rights": [
    -23.664787989233936,
    -22.84817438012359,
    -22.11117546501083,
    -21.2123701666208,
    -20.265234243051825,
    -19.480578897676246,
    -18.71851015798575,
    -14.50137627185802,
    -10.464982627628428,
    -9.932083914963254,
    -8.989796504959113,
    -8.047508927679784,
    -7.311295933478593,
    -6.57508347914616,
    -5.41029423184426,
    -3.5468503231966952,
    -1.970170186397679,
    -0.6333149783394584,
    0.2057734358799729,
    0.7057734358799729,
    1.5144347612769298,
    2.4768144031393695,
    3.46237964186244,
    4.954849910829421,
    6.954849910829421,
    9.04515008917058
  ],
  "v_lefts": [
    -0.755566765844581,
    0.755566765844581,
    1.755566765844581,
    2.3033818887308537,
    2.8033818887308537,
    3.1500772642244135,
    3.3499601604675453,
    3.4699706684022216,
    3.9675643542495,
    4.400638233563548,
    4.45598906799096,
    5.252827416517823,
    6.207047764895243,
    6.463901514012429,
    6.58391229780686,
    6.755365790654331,
    7.4283072419646565,
    21.958205608891316,
    36.419253667082465,
    37.294341397278096,
    37.88306043420613,
    38.365602655238725,
    38.87041753034304,
    39.49676584383753,
    40.3628173724498
  ],
  "v_rights": [
    0.755566765844581,
    1.755566765844581,
    2.3033818887308537,
    2.8033818887308537,
    3.1500772642244135,
    3.3499601604675453,
    3.4699706684022216,
    3.9675643542495,
    4.400638233563548,
    4.45598906799096,
    5.252827416517823,
    6.207047764895243,
    6.463901514012429,
    6.58391229780686,
    6.755365790654331,
    7.4283072419646565,
    21.958205608891316,
    36.419253667082465,
    37.294341397278096,
    37.88306043420613,
    38.365602655238725,
    38.87041753034304,
    39.49676584383753,
    40.3628173724498,
    41.31971662289325
  ],
  "creation_methods": {
    "points_fallback": 15
  },
  "kept_zone_count": 15
}